run,threads,elapsed_ms
1,2,105.945514
2,8,54.973576
3,20,41.112877
4,32,46.909346
5,16,42.217121
6,44,46.894663
7,2,106.451839
8,44,48.146175
9,2,106.191193
10,12,45.343248
11,24,42.085237
12,36,47.028207
13,36,46.587524
14,12,46.703743
15,32,44.926706
16,20,43.154519
17,24,41.931693
18,48,46.54312
19,32,43.654808
20,4,75.454819
21,48,46.441215
22,4,78.021369
23,8,54.70518
24,12,45.774653
25,48,46.381728
26,40,45.754513
27,28,42.934735
28,28,42.76388
29,32,43.999672
30,20,43.134511
31,36,47.190685
32,16,41.666571
33,4,76.039911
34,1,179.653053
35,44,48.777138
36,28,44.861257
37,48,46.964802
38,44,45.315521
39,28,43.990741
40,32,48.650888
41,40,48.051881
42,44,47.018203
43,12,46.903957
44,28,42.768474
45,1,186.225339
46,1,172.614232
47,24,41.686164
48,20,42.685312
49,32,45.156302
50,12,47.338814
51,4,75.687786
52,4,74.210862
53,36,48.309984
54,36,45.736094
55,28,43.314231
56,4,76.130518
57,36,47.869104
58,16,42.08297
59,20,39.978797
60,24,41.671225
61,20,42.621067
62,16,41.578409
63,16,41.669425
64,16,42.132548
65,8,55.435357
66,2,103.922507
67,1,171.753484
68,20,41.74375
69,1,175.529127
70,32,46.801281
71,2,109.266558
72,24,43.310091
73,40,46.673808
74,8,57.025037
75,40,46.339738
76,2,107.622013
77,44,47.730617
78,24,42.080478
79,28,41.56298
80,2,107.234998
81,48,47.196365
82,12,46.446955
83,40,47.746846
84,12,48.465222
85,44,47.255717
86,16,42.501095
87,40,46.030255
88,48,46.810345
89,4,77.082617
90,48,47.782993
91,8,55.981711
92,1,175.361492
93,8,54.051485
94,24,42.203172
95,36,48.737629
96,8,54.197337
97,1,178.056375
98,40,48.371181
