chunk_id,successful_slurm_job_id,other_attempt_job_ids
0000,1860242,
0001,1860145,
0002,1860185,
0003,1860275,
0004,1860258,
0005,1860136,
0006,1860143,
0007,1860199,
0008,1864646,1860276;1864124;1864243;1864591
0009,1860200,
0010,1860243,
0011,1860146,
0012,1864659,1860290;1864594
0013,1860262,
0014,1860202,
0015,1860239,
0016,1860144,
0017,1864657,1860293;1864571
0018,1864647,1860266;1864244;1864586
0019,1860267,
0020,1860244,
0021,1860147,
0022,1860191,
0023,1864648,1860272;1864245;1864587
0024,1864640,1860256;1864116;1864196;1864236;1864572
0025,1860134,
0026,1860230,
0027,1860189,
0028,1860213,
0029,1860228,
0030,1864634,1860245;1864110;1864189;1864229;1864528;1864564
0031,1860148,
0032,1860192,
0033,1864649,1860271;1864246;1864588
0034,1860253,
0035,1860131,
0036,1860195,
0037,1860198,
0038,1864650,1860269;1864247;1864544;1864585
0039,1860149,
0040,1860133,
0041,1860140,
0042,1860186,
0043,1864651,1860273;1864248;1864589
0044,1864641,1860257;1864117;1864197;1864237;1864573
0045,1860238,
0046,1860196,
0047,1860197,
0048,1864249,1860274
0049,1864638,1860252;1864114;1864194;1864234;1864574
0050,1864632,1860248;1864108;1864187;1864227;1864529;1864566
0051,1860234,
0052,1864660,1860291;1864595
0053,1864652,1860263;1864250;1864590
0054,1860255,
0055,1864630,1860264;1864106;1864185;1864225;1864526;1864565
0056,1860235,
0057,1864658,1860292;1864581
0058,1860265,
0059,1860268,
0060,1860137,
0061,1860132,
0062,1860194,
0063,1864653,1860279;1864251;1864592
0064,1860162,
0065,1860246,
0066,1860139,
0067,1860190,
0068,1860214,
0069,1860229,
0070,1860241,
0071,1860151,
0072,1860187,
0073,1860155,
0074,1860254,
0075,1860157,
0076,1860156,
0077,1860183,
0078,1860160,
0079,1860163,
0080,1860204,
0081,1860205,
0082,1860206,
0083,1860207,
0084,1864642,1860259;1864118;1864198;1864238;1864575
0085,1860208,
0086,1860209,
0087,1860210,
0088,1860211,
0089,1860212,
0090,1860218,
0091,1860219,
0092,1860220,
0093,1860221,
0094,1860222,
0095,1860223,
0096,1860224,
0097,1860225,
0098,1860226,
0099,1860227,
0100,1860240,
0101,1860141,
0102,1860193,
0103,1860278,
0104,1864643,1860261;1864119;1864239;1864576
0105,1860135,
0106,1860138,
0107,1864661,1860287;1864525;1864596
0108,1860130,
0109,1860129,
0110,1860150,
0111,1860152,
0112,1860153,
0113,1860154,
0114,1860203,
0115,1860158,
0116,1860159,
0117,1860184,
0118,1860161,
0119,1860164,
0120,1860176,
0121,1860177,
0122,1860188,
0123,1860178,
0124,1860179,
0125,1860180,
0126,1860181,
0127,1860182,
0128,1864654,1860270;1864122;1864241;1864582
0129,1864639,1860251;1864115;1864195;1864235;1864577
0130,1864633,1860249;1864109;1864188;1864228;1864530;1864567
0131,1860232,
0132,1864662,1860289;1864570
0133,1864655,1860280;1864252;1864593
0134,1860260,
0135,1860231,
0136,1860233,
0137,1860215,
0138,1860216,
0139,1860217,
0140,1864635,1860281;1864111;1864190;1864230;1864531;1864568
0141,1860236,
0142,1864663,1860294;1864597
0143,1864656,1860282;1864224;1864562
0144,1864644,1860283;1864120;1864240;1864543;1864580
0145,1864631,1860284;1864107;1864186;1864226;1864527;1864563
0146,1860237,
0147,1860295,
0148,1864665,1860285;1864242;1864583
0149,1864645,1860286;1864121;1864192;1864232;1864541;1864578
0150,1860165,
0151,1860166,
0152,1860167,
0153,1860168,
0154,1860173,
0155,1864636,1860247;1864112;1864191;1864231;1864569
0156,1860142,
0157,1860288,
0158,1864664,1860277;1864123;1864584
0159,1864637,1860250;1864113;1864193;1864233;1864542;1864579
0160,1860169,
0161,1860170,
0162,1860171,
0163,1860172,
0164,1860174,
0165,1860175,
